[
	{
		"caption": "文件(F)",
		"mnemonic": "F",
		"id": "file",
		"children":
		[
			{ "command": "new_file", "caption": "新建文件(N)", "mnemonic": "N" },

			{ "command": "prompt_open_file", "caption": "打開文件(O)…", "mnemonic": "O", "platform": "!OSX" },
			{ "command": "prompt_open_folder", "caption": "打開文件夾…", "platform": "!OSX" },
			{ "command": "prompt_open", "caption": "打開…", "platform": "OSX" },
			{
				"caption": "最近打開的文件/文件夾(R)",
				"mnemonic": "R",
				"children":
				[
					{ "command": "reopen_last_file", "caption": "重新打開關閉的文件" },
					{ "caption": "-" },
					{ "command": "open_recent_file", "args": {"index": 0 } },
					{ "command": "open_recent_file", "args": {"index": 1 } },
					{ "command": "open_recent_file", "args": {"index": 2 } },
					{ "command": "open_recent_file", "args": {"index": 3 } },
					{ "command": "open_recent_file", "args": {"index": 4 } },
					{ "command": "open_recent_file", "args": {"index": 5 } },
					{ "command": "open_recent_file", "args": {"index": 6 } },
					{ "command": "open_recent_file", "args": {"index": 7 } },
					{ "command": "open_recent_file", "args": {"index": 8 } },
					{ "command": "open_recent_file", "args": {"index": 9 } },
					{ "command": "open_recent_file", "args": {"index": 10 } },
					{ "command": "open_recent_file", "args": {"index": 11 } },
					{ "caption": "-" },
					{ "command": "open_recent_folder", "args": {"index": 0 } },
					{ "command": "open_recent_folder", "args": {"index": 1 } },
					{ "command": "open_recent_folder", "args": {"index": 2 } },
					{ "command": "open_recent_folder", "args": {"index": 3 } },
					{ "command": "open_recent_folder", "args": {"index": 4 } },
					{ "command": "open_recent_folder", "args": {"index": 5 } },
					{ "command": "open_recent_folder", "args": {"index": 6 } },
					{ "command": "open_recent_folder", "args": {"index": 7 } },
					{ "command": "open_recent_folder", "args": {"index": 8 } },
					{ "command": "open_recent_folder", "args": {"index": 9 } },
					{ "command": "open_recent_folder", "args": {"index": 10 } },
					{ "command": "open_recent_folder", "args": {"index": 11 } },
					{ "caption": "-" },
					{ "command": "clear_recent_files", "caption": "清除記錄" }
				]
			},
			{
				"caption": "用此編碼重新打開",
				"id": "reopen_with_encoding",
				"children":
				[
					{ "caption": "UTF-8", "command": "reopen", "args": {"encoding": "utf-8" } },
					{ "caption": "UTF-16 LE", "command": "reopen", "args": {"encoding": "utf-16 le" } },
					{ "caption": "UTF-16 BE", "command": "reopen", "args": {"encoding": "utf-16 be" } },
					{ "caption": "-" },
					{ "caption": "西方語 (Windows 1252)", "command": "reopen", "args": {"encoding": "Western (Windows 1252)" } },
					{ "caption": "西方語 (ISO 8859-1)", "command": "reopen", "args": {"encoding": "Western (ISO 8859-1)" } },
					{ "caption": "西方語 (ISO 8859-3)", "command": "reopen", "args": {"encoding": "Western (ISO 8859-3)" } },
					{ "caption": "西方語 (ISO 8859-15)", "command": "reopen", "args": {"encoding": "Western (ISO 8859-15)" } },
					{ "caption": "西方語 (Mac Roman)", "command": "reopen", "args": {"encoding": "Western (Mac Roman)" } },
					{ "caption": "DOS (CP 437)", "command": "reopen", "args": {"encoding": "DOS (CP 437)" } },
					{ "caption": "阿拉伯語 (Windows 1256)", "command": "reopen", "args": {"encoding": "Arabic (Windows 1256)" } },
					{ "caption": "阿拉伯語 (ISO 8859-6)", "command": "reopen", "args": {"encoding": "Arabic (ISO 8859-6)" } },
					{ "caption": "波羅海語 (Windows 1257)", "command": "reopen", "args": {"encoding": "Baltic (Windows 1257)" } },
					{ "caption": "波羅海語 (ISO 8859-4)", "command": "reopen", "args": {"encoding": "Baltic (ISO 8859-4)" } },
					{ "caption": "凱爾特語 (ISO 8859-14)", "command": "reopen", "args": {"encoding": "Celtic (ISO 8859-14)" } },
					{ "caption": "中歐語 (Windows 1250)", "command": "reopen", "args": {"encoding": "Central European (Windows 1250)" } },
					{ "caption": "中歐語 (ISO 8859-2)", "command": "reopen", "args": {"encoding": "Central European (ISO 8859-2)" } },
					{ "caption": "中歐語 (Mac)", "command": "reopen", "args": {"encoding": "Central European (Mac)" } },
					{ "caption": "西裏爾語 (Windows 1251)", "command": "reopen", "args": {"encoding": "Cyrillic (Windows 1251)" } },
					{ "caption": "西裏爾語 (Windows 866)", "command": "reopen", "args": {"encoding": "Cyrillic (Windows 866)" } },
					{ "caption": "西裏爾語 (ISO 8859-5)", "command": "reopen", "args": {"encoding": "Cyrillic (ISO 8859-5)" } },
					{ "caption": "西裏爾語 (KOI8-R)", "command": "reopen", "args": {"encoding": "Cyrillic (KOI8-R)" } },
					{ "caption": "西裏爾語 (KOI8-U)", "command": "reopen", "args": {"encoding": "Cyrillic (KOI8-U)" } },
					{ "caption": "愛沙尼亞語 (ISO 8859-13)", "command": "reopen", "args": {"encoding": "Estonian (ISO 8859-13)" } },
					{ "caption": "希臘語 (Windows 1253)", "command": "reopen", "args": {"encoding": "Greek (Windows 1253)" } },
					{ "caption": "希臘語 (ISO 8859-7)", "command": "reopen", "args": {"encoding": "Greek (ISO 8859-7)" } },
					{ "caption": "希伯來語 (Windows 1255)", "command": "reopen", "args": {"encoding": "Hebrew (Windows 1255)" } },
					{ "caption": "希伯來語 (ISO 8859-8)", "command": "reopen", "args": {"encoding": "Hebrew (ISO 8859-8)" } },
					{ "caption": "北歐語 (ISO 8859-10)", "command": "reopen", "args": {"encoding": "Nordic (ISO 8859-10)" } },
					{ "caption": "羅馬尼亞語 (ISO 8859-16)", "command": "reopen", "args": {"encoding": "Romanian (ISO 8859-16)" } },
					{ "caption": "土耳其語 (Windows 1254)", "command": "reopen", "args": {"encoding": "Turkish (Windows 1254)" } },
					{ "caption": "土耳其語 (ISO 8859-9)", "command": "reopen", "args": {"encoding": "Turkish (ISO 8859-9)" } },
					{ "caption": "越南語 (Windows 1258)", "command": "reopen", "args": {"encoding": "Vietnamese (Windows 1258)" } },
					{ "caption": "-" },
					{ "caption": "十六進制", "command": "reopen", "args": {"encoding": "Hexadecimal" } }
				]
			},
			{ "command": "clone_file", "args": {"add_to_selection": true}, "caption": "復制到新標簽頁(E)", "mnemonic": "e" },
			{ "command": "save", "args": {"async": true}, "caption": "保存(S)", "mnemonic": "S" },
			{
				"caption": "用此編碼保存",
				"id": "save_with_encoding",
				"children":
				[
					{ "caption": "UTF-8", "command": "save", "args": { "async": true, "encoding": "utf-8" } },
					{ "caption": "UTF-8 with BOM", "command": "save", "args": { "async": true, "encoding": "utf-8 with bom" } },
					{ "caption": "UTF-16 LE", "command": "save", "args": { "async": true, "encoding": "utf-16 le" } },
					{ "caption": "UTF-16 LE with BOM", "command": "save", "args": { "async": true, "encoding": "utf-16 le with bom" } },
					{ "caption": "UTF-16 BE", "command": "save", "args": { "async": true, "encoding": "utf-16 be" } },
					{ "caption": "UTF-16 BE with BOM", "command": "save", "args": { "async": true, "encoding": "utf-16 be with bom" } },
					{ "caption": "-" },
					{ "caption": "西方語 (Windows 1252)", "command": "save", "args": { "async": true, "encoding": "Western (Windows 1252)" } },
					{ "caption": "西方語 (ISO 8859-1)", "command": "save", "args": { "async": true, "encoding": "Western (ISO 8859-1)" } },
					{ "caption": "西方語 (ISO 8859-3)", "command": "save", "args": { "async": true, "encoding": "Western (ISO 8859-3)" } },
					{ "caption": "西方語 (ISO 8859-15)", "command": "save", "args": { "async": true, "encoding": "Western (ISO 8859-15)" } },
					{ "caption": "西方語 (Mac Roman)", "command": "save", "args": { "async": true, "encoding": "Western (Mac Roman)" } },
					{ "caption": "DOS (CP 437)", "command": "save", "args": { "async": true, "encoding": "DOS (CP 437)" } },
					{ "caption": "阿拉伯語 (Windows 1256)", "command": "save", "args": { "async": true, "encoding": "Arabic (Windows 1256)" } },
					{ "caption": "阿拉伯語 (ISO 8859-6)", "command": "save", "args": { "async": true, "encoding": "Arabic (ISO 8859-6)" } },
					{ "caption": "波羅海語 (Windows 1257)", "command": "save", "args": { "async": true, "encoding": "Baltic (Windows 1257)" } },
					{ "caption": "波羅海語 (ISO 8859-4)", "command": "save", "args": { "async": true, "encoding": "Baltic (ISO 8859-4)" } },
					{ "caption": "凱爾特語 (ISO 8859-14)", "command": "save", "args": { "async": true, "encoding": "Celtic (ISO 8859-14)" } },
					{ "caption": "中歐語 (Windows 1250)", "command": "save", "args": { "async": true, "encoding": "Central European (Windows 1250)" } },
					{ "caption": "中歐語 (ISO 8859-2)", "command": "save", "args": { "async": true, "encoding": "Central European (ISO 8859-2)" } },
					{ "caption": "中歐語 (Mac)", "command": "save", "args": { "async": true, "encoding": "Central European (Mac)" } },
					{ "caption": "西裏爾語 (Windows 1251)", "command": "save", "args": { "async": true, "encoding": "Cyrillic (Windows 1251)" } },
					{ "caption": "西裏爾語 (Windows 866)", "command": "save", "args": { "async": true, "encoding": "Cyrillic (Windows 866)" } },
					{ "caption": "西裏爾語 (ISO 8859-5)", "command": "save", "args": { "async": true, "encoding": "Cyrillic (ISO 8859-5)" } },
					{ "caption": "西裏爾語 (KOI8-R)", "command": "save", "args": { "async": true, "encoding": "Cyrillic (KOI8-R)" } },
					{ "caption": "西裏爾語 (KOI8-U)", "command": "save", "args": { "async": true, "encoding": "Cyrillic (KOI8-U)" } },
					{ "caption": "愛沙尼亞語 (ISO 8859-13)", "command": "save", "args": { "async": true, "encoding": "Estonian (ISO 8859-13)" } },
					{ "caption": "希臘語 (Windows 1253)", "command": "save", "args": { "async": true, "encoding": "Greek (Windows 1253)" } },
					{ "caption": "希臘語 (ISO 8859-7)", "command": "save", "args": { "async": true, "encoding": "Greek (ISO 8859-7)" } },
					{ "caption": "希伯來語 (Windows 1255)", "command": "save", "args": { "async": true, "encoding": "Hebrew (Windows 1255)" } },
					{ "caption": "希伯來語 (ISO 8859-8)", "command": "save", "args": { "async": true, "encoding": "Hebrew (ISO 8859-8)" } },
					{ "caption": "北歐語 (ISO 8859-10)", "command": "save", "args": { "async": true, "encoding": "Nordic (ISO 8859-10)" } },
					{ "caption": "羅馬尼亞語 (ISO 8859-16)", "command": "save", "args": { "async": true, "encoding": "Romanian (ISO 8859-16)" } },
					{ "caption": "土耳其語 (Windows 1254)", "command": "save", "args": { "async": true, "encoding": "Turkish (Windows 1254)" } },
					{ "caption": "土耳其語 (ISO 8859-9)", "command": "save", "args": { "async": true, "encoding": "Turkish (ISO 8859-9)" } },
					{ "caption": "越南語 (Windows 1258)", "command": "save", "args": { "async": true, "encoding": "Vietnamese (Windows 1258)" } },
					{ "caption": "-" },
					{ "caption": "十六進制", "command": "save", "args": { "async": true, "encoding": "Hexadecimal" } }
				]
			},
			{ "command": "prompt_save_as", "caption": "另存為(A)…", "mnemonic": "A" },
			{ "command": "save_all", "caption": "全部保存(L)", "mnemonic": "l" },
			{ "command": "html_print", "caption": "打印(P)…", "mnemonic": "P" },
			{ "caption": "-", "id": "window" },
			{ "command": "new_window", "caption": "新建窗口(W)", "mnemonic": "W" },
			{ "command": "close_window", "caption": "關閉窗口" },
			{ "caption": "-", "id": "close" },
			{ "command": "close", "caption": "關閉文件(C)", "mnemonic": "C" },
			{ "command": "revert", "caption": "恢復文件(V)", "mnemonic": "v" },
			{ "command": "close_all", "caption": "關閉所有文件" },
			{ "caption": "-", "id": "exit" },
			{ "command": "exit", "caption": "退出(X)", "mnemonic": "x", "platform": "Windows" },
			{ "command": "exit", "caption": "退出(Q)", "mnemonic": "Q", "platform": "Linux" },
		]
	},
	{
		"caption": "編輯(E)",
		"mnemonic": "E",
		"id": "edit",
		"children":
		[
			{ "command": "undo", "caption": "撤銷(U)", "mnemonic": "U" },
			{ "command": "redo_or_repeat", "caption": "重做(R)", "mnemonic": "R" },
			{
				"caption": "撤消選擇",
				"children":
				[
					{ "command": "soft_undo", "caption": "撤銷選擇" },
					{ "command": "soft_redo", "caption": "重做選擇" }
				]
			},
			{ "caption": "-", "id": "clipboard" },
			{ "command": "cut", "caption": "剪切(T)", "mnemonic": "t" },
			{ "command": "copy", "caption": "復制(C)", "mnemonic": "C" },
			{ "caption": "復制為HTML", "command": "copy_as_html", "args": {"enclosing_tags": true, "font_size": false} },
			{ "command": "paste", "caption": "粘貼(P)", "mnemonic": "P" },
			{ "command": "paste_and_indent", "caption": "粘貼並自動縮進(I)", "mnemonic": "I" },
			{ "command": "paste_from_history", "caption": "從歷史記錄中粘貼" },
			{ "caption": "-" },
			{
				"caption": "行(L)", "mnemonic": "L",
				"id": "line",
				"children":
				[
					{ "command": "indent", "caption": "縮進" },
					{ "command": "unindent", "caption": "取消縮進" },
					{ "command": "reindent", "caption": "再次縮進", "args": {"single_line": true} },
					{ "command": "swap_line_up", "caption": "向上切換行" },
					{ "command": "swap_line_down", "caption": "向下切換行" },
					{ "command": "duplicate_line", "caption": "復制光標所在行" },
					{ "command": "run_macro_file", "args": {"file": "res://Packages/Default/Delete Line.sublime-macro"}, "caption": "刪除行" },
					{ "command": "join_lines", "caption": "合並行" }
				]
			},
			{
				"caption": "註釋(M)", "mnemonic": "m",
				"id": "comment",
				"children":
				[
					{ "command": "toggle_comment", "args": {"block": false}, "caption": "單行註釋" },
					{ "command": "toggle_comment", "args": {"block": true}, "caption": "多行註釋" }
				]
			},
			{
				"caption": "文本(T)", "mnemonic": "T",
				"id": "text",
				"children":
				[
					{ "command": "revert_hunk", "caption": "還原代碼塊"  },
					{ "command": "revert_modification", "caption": "還原修改"  },
					{ "command": "toggle_inline_diff", "caption": "切換顯示行內差異"  },
					{ "caption": "-" },
					{ "command": "run_macro_file", "args": {"file": "res://Packages/Default/Add Line Before.sublime-macro"}, "caption": "在此前插入行" },
					{ "command": "run_macro_file", "args": {"file": "res://Packages/Default/Add Line.sublime-macro"}, "caption": "在此後插入行" },
					{ "caption": "-" },
					{ "command": "delete_word", "args": { "forward": false }, "caption": "向前刪除詞組" },
					{ "command": "delete_word", "args": { "forward": true }, "caption": "向後刪除詞組" },
					{ "command": "run_macro_file", "args": {"file": "res://Packages/Default/Delete Line.sublime-macro"}, "caption": "刪除行" },
					{ "command": "run_macro_file", "args": {"file": "res://Packages/Default/Delete to Hard BOL.sublime-macro"}, "caption": "刪除至行首" },
					{ "command": "run_macro_file", "args": {"file": "res://Packages/Default/Delete to Hard EOL.sublime-macro"}, "caption": "刪除至行尾" },
					{ "caption": "-" },
					{ "command": "transpose", "caption": "詞組互換" }
				]
			},
			{
				"caption": "標簽",
				"id": "tag",
				"children":
				[
					{ "command": "close_tag", "caption": "閉合當前標簽" },
					{ "command": "expand_selection", "args": {"to": "tag"}, "caption": "選擇至標簽對" },
					{ "command": "insert_snippet", "args": { "name": "Packages/XML/Snippets/xml-long-tag.sublime-snippet" }, "caption": "為選中內容添加標簽" }
				]
			},
			{
				"caption": "標記",
				"id": "mark",
				"children":
				[
					{ "command": "set_mark", "caption": "添加標記" },
					{ "command": "select_to_mark", "caption": "選擇至標記處" },
					{ "command": "delete_to_mark", "caption": "刪除標記" },
					{ "command": "swap_with_mark", "caption": "交換標記" },
					{ "command": "clear_bookmarks", "args": {"name": "mark"}, "caption": "清除標記" },
					{ "caption": "-" },
					{ "command": "yank", "caption": "抽出" }
				]
			},
			{
				"caption": "代碼折疊",
				"id": "fold",
				"children":
				[
					{ "command": "fold", "caption": "折疊" },
					{ "command": "unfold", "caption": "展開" },
					{ "command": "unfold_all", "caption": "全部展開" },
					{ "caption": "-" },
					{ "caption": "折疊全部", "command": "fold_by_level", "args": {"level": 1} },
					{ "caption": "折疊2層", "command": "fold_by_level", "args": {"level": 2} },
					{ "caption": "折疊3層", "command": "fold_by_level", "args": {"level": 3} },
					{ "caption": "折疊4層", "command": "fold_by_level", "args": {"level": 4} },
					{ "caption": "折疊5層", "command": "fold_by_level", "args": {"level": 5} },
					{ "caption": "折疊6層", "command": "fold_by_level", "args": {"level": 6} },
					{ "caption": "折疊7層", "command": "fold_by_level", "args": {"level": 7} },
					{ "caption": "折疊8層", "command": "fold_by_level", "args": {"level": 8} },
					{ "caption": "折疊9層", "command": "fold_by_level", "args": {"level": 9} },
					{ "caption": "-" },
					{ "command": "fold_tag_attributes", "caption": "折疊標簽屬性" }
				]
			},
			{
				"caption": "大小寫轉換(A)", "mnemonic": "a",
				"id": "convert_case",
				"children":
				[
					{ "command": "title_case", "caption": "首字母大寫" },
					{ "command": "upper_case", "caption": "轉為大寫" },
					{ "command": "lower_case", "caption": "轉為小寫" },
					{ "command": "swap_case", "caption": "大小寫互換" }
				]
			},
			{
				"caption": "自動換行",
				"id": "wrap",
				"children":
				[
					{ "command": "wrap_lines", "caption": "標尺處換行" },
					{ "command": "wrap_lines", "args": {"width": 70}, "caption": "每70個字換行" },
					{ "command": "wrap_lines", "args": {"width": 72}, "caption": "每72個字換行" },
					{ "command": "wrap_lines", "args": {"width": 78}, "caption": "每78個字換行" },
					{ "command": "wrap_lines", "args": {"width": 80}, "caption": "每80個字換行" },
					{ "command": "wrap_lines", "args": {"width": 100}, "caption": "每100個字換行" },
					{ "command": "wrap_lines", "args": {"width": 120}, "caption": "每120個字換行" }
				]
			},
			{ "command": "auto_complete", "caption": "顯示自動完成提示" },
			{ "caption": "-", "id": "permute" },

			{ "command": "sort_lines", "args": {"case_sensitive": false}, "caption": "按行排序(S)", "mnemonic": "S" },
			{ "command": "sort_lines", "args": {"case_sensitive": true}, "caption": "按行排序(區分大小寫)" },
			{
				"caption": "整理行",
				"children":
				[
					{ "command": "permute_lines", "args": {"operation": "reverse"}, "caption": "反轉行排序" },
					{ "command": "permute_lines", "args": {"operation": "unique"}, "caption": "去除重復行" },
					{ "command": "permute_lines", "args": {"operation": "shuffle"}, "caption": "隨機打亂行" }
				]
			},
			{
				"caption": "整理選中內容",
				"children":
				[
					{ "command": "sort_selection", "args": {"case_sensitive": false}, "caption": "排序" },
					{ "command": "sort_selection", "args": {"case_sensitive": true}, "caption": "行排序(區分大小寫)" },
					{ "command": "permute_selection", "args": {"operation": "reverse"}, "caption": "反轉" },
					{ "command": "permute_selection", "args": {"operation": "unique"}, "caption": "去重復" },
					{ "command": "permute_selection", "args": {"operation": "shuffle"}, "caption": "隨機打亂" }
				]
			},
			{ "caption": "-", "id": "end" }
		]
	},
	{
		"caption": "選擇(S)",
		"mnemonic": "S",
		"id": "selection",
		"children":
		[
			{ "command": "split_selection_into_lines", "caption": "拆分成行" },
			{ "command": "single_selection", "caption": "單選" },
			{ "caption": "-" },
			{ "command": "select_all", "caption": "全選" },
			{ "command": "expand_selection", "args": {"to": "smart"}, "caption": "擴展選區" },
			{ "command": "expand_selection", "args": {"to": "line"}, "caption": "選擇至整行" },
			{ "command": "find_under_expand", "caption": "選擇至詞組" },
			{ "command": "expand_selection_to_paragraph", "caption": "選擇至區塊" },
			{ "command": "expand_selection_to_paragraph", "args": {"markup_aware": true}, "caption": "選擇至段落" },
			{ "command": "expand_selection", "args": {"to": "scope"}, "caption": "選擇至節點" },
			{ "command": "expand_selection", "args": {"to": "brackets"}, "caption": "選擇至括號" },
			{ "command": "expand_selection", "args": {"to": "indentation"}, "caption": "選擇至縮進" },
			{ "caption": "-" },
			{ "command": "select_lines", "args": {"forward": false}, "caption": "添加前一行" },
			{ "command": "select_lines", "args": {"forward": true}, "caption": "添加後一行" },
			{ "caption": "-" },
			{
				"caption": "制表符選擇",
				"children":
				[
					{ "command": "unselect_others", "caption": "不選其它" },
					{ "command": "unselect_to_left", "caption": "不選至左邊" },
					{ "command": "unselect_to_right", "caption": "不選至右邊" },
					{ "caption": "-" },
					{ "command": "select_to_left", "caption": "選至左邊" },
					{ "command": "select_to_right", "caption": "選至右邊" },
					{ "caption": "-" },
					{ "command": "focus_to_left", "caption": "聚焦至左邊" },
					{ "command": "focus_to_right", "caption": "聚焦至右邊" },
					{ "caption": "-" },
					{ "command": "focus_by_index", "args": {"index": 0}, "caption": "聚焦至制表符 1" },
					{ "command": "focus_by_index", "args": {"index": 1}, "caption": "聚焦至制表符 2" },
					{ "command": "focus_by_index", "args": {"index": 2}, "caption": "聚焦至制表符 3" },
					{ "command": "focus_by_index", "args": {"index": 3}, "caption": "聚焦至制表符 4" },
					{ "command": "focus_by_index", "args": {"index": 4}, "caption": "聚焦至制表符 5" },
					{ "command": "focus_by_index", "args": {"index": 5}, "caption": "聚焦至制表符 6" },
					{ "command": "focus_by_index", "args": {"index": 6}, "caption": "聚焦至制表符 7" },
					{ "command": "focus_by_index", "args": {"index": 7}, "caption": "聚焦至制表符 8" },
					{ "command": "focus_by_index", "args": {"index": 8}, "caption": "聚焦至制表符 9" },
					{ "command": "focus_by_index", "args": {"index": 9}, "caption": "聚焦至制表符 10" },
				]
			},
		]
	},
	{
		"caption": "查找(I)",
		"mnemonic": "i",
		"id": "find",
		"children":
		[
			{ "command": "show_panel", "args": {"panel": "find", "reverse": false}, "caption": "查找…" },
			{ "command": "find_next", "caption": "查找下一個" },
			{ "command": "find_prev", "caption": "查找上一個" },
			{ "command": "show_panel", "args": {"panel": "incremental_find", "reverse": false}, "caption": "漸進式查找" },
			{ "caption": "-" },
			{ "command": "show_panel", "args": {"panel": "replace", "reverse": false}, "caption": "查找替換…" },
			{ "command": "replace_next", "caption": "替換下一個" },
			{ "caption": "-" },
			{ "command": "find_under", "caption": "快速查找" },
			{ "command": "find_all_under", "caption": "快速查找所有" },
			{ "command": "find_under_expand", "caption": "快速選中下一個" },
			{ "command": "find_under_expand_skip", "caption": "快速跳轉到下一個", "platform": "!OSX" },
			{ "caption": "-" },
			{ "command": "slurp_find_string", "caption": "在所選內容中查找" },
			{ "command": "slurp_replace_string", "caption": "在所選內容中替換" },
			{ "caption": "-" },
			{ "command": "show_panel", "args": {"panel": "find_in_files"}, "caption": "在文件中查找…" },
			{
				"caption": "查找結果(R)",
				"mnemonic": "R",
				"children":
				[
					{ "command": "show_panel", "args": {"panel": "output.find_results"}, "caption": "顯示結果面板" },
					{ "command": "next_result", "caption": "下一結果" },
					{ "command": "prev_result", "caption": "上一結果" }
				]
			},
			{ "command": "cancel_find", "caption": "取消在文件中查找" },
		]
	},
	{
		"caption": "查看(V)",
		"mnemonic": "V",
		"id": "view",
		"children":
		[
			{
				"caption": "側邊欄",
				"id": "side_bar",
				"children":
				[
					{ "command": "toggle_side_bar", "caption": "顯示/隱藏側邊欄" },
					{ "caption": "-" },
					{ "command": "toggle_show_open_files", "caption": "顯示/隱藏打開的文件" }
				]
			},
			{ "command": "toggle_minimap", "caption": "開啟/關閉代碼縮略圖" },
			{ "command": "toggle_tabs", "caption": "開啟/關閉文件選項卡" },
			{ "command": "toggle_status_bar", "caption": "開啟/關閉狀態欄" },
			{ "command": "toggle_menu", "caption": "開啟/關閉菜單" },
			{ "command": "show_panel", "caption": "開啟/關閉控制臺", "args": {"panel": "console", "toggle": true} },
			{ "caption": "-", "id": "full_screen" },
			{ "command": "toggle_full_screen", "caption": "切換全屏顯示" },
			{ "command": "toggle_distraction_free", "caption": "切換無幹擾模式" },
			{ "caption": "-", "id": "groups" },
			{
				"caption": "布局(L)",
				"mnemonic": "L",
				"id": "layout",
				"children":
				[
					{
						"caption": "單獨",
						"command": "set_layout",
						"args":
						{
							"cols": [0.0, 1.0],
							"rows": [0.0, 1.0],
							"cells": [[0, 0, 1, 1]]
						}
					},
					{
						"caption": "列: 2",
						"command": "set_layout",
						"args":
						{
							"cols": [0.0, 0.5, 1.0],
							"rows": [0.0, 1.0],
							"cells": [[0, 0, 1, 1], [1, 0, 2, 1]]
						}
					},
					{
						"caption": "列: 3",
						"command": "set_layout",
						"args":
						{
							"cols": [0.0, 0.33, 0.66, 1.0],
							"rows": [0.0, 1.0],
							"cells": [[0, 0, 1, 1], [1, 0, 2, 1], [2, 0, 3, 1]]
						}
					},
					{
						"caption": "列: 4",
						"command": "set_layout",
						"args":
						{
							"cols": [0.0, 0.25, 0.5, 0.75, 1.0],
							"rows": [0.0, 1.0],
							"cells": [[0, 0, 1, 1], [1, 0, 2, 1], [2, 0, 3, 1], [3, 0, 4, 1]]
						}
					},
					{
						"caption": "行: 2",
						"command": "set_layout",
						"args":
						{
							"cols": [0.0, 1.0],
							"rows": [0.0, 0.5, 1.0],
							"cells": [[0, 0, 1, 1], [0, 1, 1, 2]]
						}
					},
					{
						"caption": "行: 3",
						"command": "set_layout",
						"args":
						{
							"cols": [0.0, 1.0],
							"rows": [0.0, 0.33, 0.66, 1.0],
							"cells": [[0, 0, 1, 1], [0, 1, 1, 2], [0, 2, 1, 3]]
						}
					},
					{
						"caption": "網格: 4",
						"command": "set_layout",
						"args":
						{
							"cols": [0.0, 0.5, 1.0],
							"rows": [0.0, 0.5, 1.0],
							"cells":
							[
								[0, 0, 1, 1], [1, 0, 2, 1],
								[0, 1, 1, 2], [1, 1, 2, 2]
							]
						}
					}
				]
			},
			{
				"caption": "分組",
				"children":
				[
					{ "command": "new_pane", "caption": "移動文件到新分組" },
					{ "command": "new_pane", "caption": "新分組", "args": {"move": false}, "caption": "新分組" },
					{ "command": "close_pane", "caption": "關閉分組" },

					{ "caption": "-" },

					{
						"caption": "最大列數: 1",
						"command": "set_max_columns",
						"checkbox": true,
						"args": { "columns": 1 }
					},
					{
						"caption": "最大列數: 2",
						"command": "set_max_columns",
						"checkbox": true,
						"args": { "columns": 2 }
					},
					{
						"caption": "最大列數: 3",
						"command": "set_max_columns",
						"checkbox": true,
						"args": { "columns": 3 }
					},
					{
						"caption": "最大列數: 4",
						"command": "set_max_columns",
						"checkbox": true,
						"args": { "columns": 4 }
					},
					{
						"caption": "最大列數: 5",
						"command": "set_max_columns",
						"checkbox": true,
						"args": { "columns": 5 }
					},
				]
			},
			{
				"caption": "焦點分組(F)",
				"mnemonic": "F",
				"children":
				[

					{ "command": "focus_neighboring_group", "caption": "下一分組" },
					{ "command": "focus_neighboring_group", "args": {"forward": false}, "caption": "上一分組" },
					{ "caption": "-" },
					{ "command": "focus_group", "args": {"group": 0}, "caption": "分組 1" },
					{ "command": "focus_group", "args": {"group": 1}, "caption": "分組 2" },
					{ "command": "focus_group", "args": {"group": 2}, "caption": "分組 3" },
					{ "command": "focus_group", "args": {"group": 3}, "caption": "分組 4" }
				]
			},
			{
				"caption": "移動文件到分組(M)",
				"mnemonic": "M",
				"children":
				[
					{ "command": "move_to_neighboring_group", "caption": "下一分組" },
					{ "command": "move_to_neighboring_group", "args": {"forward": false}, "caption": "上一分組" },
					{ "caption": "-" },
					{ "command": "move_to_group", "args": {"group": 0}, "caption": "分組 1" },
					{ "command": "move_to_group", "args": {"group": 1}, "caption": "分組 2" },
					{ "command": "move_to_group", "args": {"group": 2}, "caption": "分組 3" },
					{ "command": "move_to_group", "args": {"group": 3}, "caption": "分組 4" }
				]
			},
			{ "caption": "-" },
			{
				"caption": "語法(S)",
				"mnemonic": "S",
				"id": "syntax",
				"children": [ { "command": "$file_types" } ]
			},
			{
				"caption": "縮進(I)",
				"mnemonic": "I",
				"id": "indentation",
				"children":
				[
					{ "command": "toggle_setting", "args": {"setting": "translate_tabs_to_spaces"}, "caption": "使用空格縮進", "checkbox": true },
					{ "caption": "-" },
					{ "command": "set_setting", "args": {"setting": "tab_size", "value": 1}, "caption": "制表符寬度: 1", "checkbox": true },
					{ "command": "set_setting", "args": {"setting": "tab_size", "value": 2}, "caption": "制表符寬度: 2", "checkbox": true },
					{ "command": "set_setting", "args": {"setting": "tab_size", "value": 3}, "caption": "制表符寬度: 3", "checkbox": true },
					{ "command": "set_setting", "args": {"setting": "tab_size", "value": 4}, "caption": "制表符寬度: 4", "checkbox": true },
					{ "command": "set_setting", "args": {"setting": "tab_size", "value": 5}, "caption": "制表符寬度: 5", "checkbox": true },
					{ "command": "set_setting", "args": {"setting": "tab_size", "value": 6}, "caption": "制表符寬度: 6", "checkbox": true },
					{ "command": "set_setting", "args": {"setting": "tab_size", "value": 7}, "caption": "制表符寬度: 7", "checkbox": true },
					{ "command": "set_setting", "args": {"setting": "tab_size", "value": 8}, "caption": "制表符寬度: 8", "checkbox": true },
					{ "caption": "-" },
					{ "command": "detect_indentation", "caption": "使用緩沖區縮進方式" },
					{ "caption": "-" },
					{ "command": "expand_tabs", "caption": "轉為空格縮進", "args": {"set_translate_tabs": true} },
					{ "command": "unexpand_tabs", "caption": "轉為制表符縮進", "args": {"set_translate_tabs": true} }
				]
			},
			{
				"caption": "換行符/行尾符(N)",
				"mnemonic": "n",
				"id": "line_endings",
				"children":
				[
					{ "command": "set_line_ending", "args": {"type": "windows"}, "caption": "Windows (CRLF)", "checkbox": true },
					{ "command": "set_line_ending", "args": {"type": "unix"}, "caption": "Unix (LF)", "checkbox": true },
					{ "command": "set_line_ending", "args": {"type": "cr"}, "caption": "Mac OS X (CR)", "checkbox": true }
				]
			},
			{ "caption": "-", "id": "settings" },
			{ "command": "toggle_setting", "args": {"setting": "word_wrap"}, "caption": "自動換行(W)", "mnemonic": "W", "checkbox": true },
			{
				"caption": "自動換行字數",
				"children":
				[
					{ "command": "set_setting", "args": {"setting": "wrap_width", "value": 0}, "caption": "自動", "checkbox": true },
					{ "caption": "-" },
					{ "command": "set_setting", "args": {"setting": "wrap_width", "value": 70}, "caption": "70", "checkbox": true },
					{ "command": "set_setting", "args": {"setting": "wrap_width", "value": 72}, "caption": "72", "checkbox": true },
					{ "command": "set_setting", "args": {"setting": "wrap_width", "value": 78}, "caption": "78", "checkbox": true },
					{ "command": "set_setting", "args": {"setting": "wrap_width", "value": 80}, "caption": "80", "checkbox": true },
					{ "command": "set_setting", "args": {"setting": "wrap_width", "value": 100}, "caption": "100", "checkbox": true },
					{ "command": "set_setting", "args": {"setting": "wrap_width", "value": 120}, "caption": "120", "checkbox": true }
				]
			},
			{
				"caption": "標尺",
				"children":
				[
					{ "command": "set_setting", "args": {"setting": "rulers", "value": []}, "caption": "無", "checkbox": true },
					{ "caption": "-" },
					{ "command": "set_setting", "args": {"setting": "rulers", "value": [70]}, "caption": "70", "checkbox": true },
					{ "command": "set_setting", "args": {"setting": "rulers", "value": [72]}, "caption": "72", "checkbox": true },
					{ "command": "set_setting", "args": {"setting": "rulers", "value": [78]}, "caption": "78", "checkbox": true },
					{ "command": "set_setting", "args": {"setting": "rulers", "value": [80]}, "caption": "80", "checkbox": true },
					{ "command": "set_setting", "args": {"setting": "rulers", "value": [100]}, "caption": "100", "checkbox": true },
					{ "command": "set_setting", "args": {"setting": "rulers", "value": [120]}, "caption": "120", "checkbox": true }
				]
			},
			{ "caption": "-" },
			{ "command": "toggle_setting", "args": {"setting": "spell_check"}, "caption": "檢查拼寫", "checkbox": true },
			{ "command": "next_misspelling", "caption": "下一個拼寫錯誤" },
			{ "command": "prev_misspelling", "caption": "上一個拼寫錯誤" },
			{
				"caption": "拼寫字典",
				"children": [ { "command": "$dictionaries" } ]
			}
		]
	},
	{
		"caption": "轉跳(G)",
		"mnemonic": "G",
		"id": "goto",
		"children":
		[
			{ "command": "show_overlay", "args": {"overlay": "goto", "show_files": true}, "caption": "轉跳到指定地方(A)…", "mnemonic": "A" },
			{ "caption": "-" },
			{ "command": "show_overlay", "args": {"overlay": "goto", "text": "@"}, "caption": "轉跳到符號處…" },
			{ "command": "goto_symbol_in_project", "caption": "轉跳到項目符號處…" },
			{ "command": "goto_definition", "caption": "轉跳到定義處…" },
			{ "command": "goto_reference", "caption": "轉跳到引用處…" },
			// { "command": "show_overlay", "args": {"overlay": "goto", "text": "#"}, "caption": "轉跳到詞組…" },
			{ "command": "show_overlay", "args": {"overlay": "goto", "text": ":"}, "caption": "轉跳到行…" },
			{ "caption": "-" },
			{ "command": "next_modification", "caption": "下一處修改" },
			{ "command": "prev_modification", "caption": "上一處修改" },
			{ "caption": "-" },
			{ "command": "jump_back", "caption": "往後跳" },
			{ "command": "jump_forward", "caption": "往前跳" },
			{ "caption": "-" },
			{
				"caption": "切換文件(T)",
				"mnemonic": "t",
				"id": "switch_file",
				"children":
				[
					{ "command": "next_view", "caption": "下一個文件" },
					{ "command": "prev_view", "caption": "上一個文件" },
					{ "caption": "-" },
					{ "command": "next_view_in_stack", "caption": "當前組的下一個文件" },
					{ "command": "prev_view_in_stack", "caption": "當前組的上一個文件" },
					{ "caption": "-" },
					{ "command": "switch_file", "args": {"extensions": ["cpp", "cxx", "cc", "c", "hpp", "hxx", "hh", "h", "ipp", "inl", "m", "mm"]}, "caption": "開關頁眉/執行(H)", "mnemonic": "H" },
					{ "caption": "-" },
					{ "command": "select_by_index", "args": { "index": 0 } },
					{ "command": "select_by_index", "args": { "index": 1 } },
					{ "command": "select_by_index", "args": { "index": 2 } },
					{ "command": "select_by_index", "args": { "index": 3 } },
					{ "command": "select_by_index", "args": { "index": 4 } },
					{ "command": "select_by_index", "args": { "index": 5 } },
					{ "command": "select_by_index", "args": { "index": 6 } },
					{ "command": "select_by_index", "args": { "index": 7 } },
					{ "command": "select_by_index", "args": { "index": 8 } },
					{ "command": "select_by_index", "args": { "index": 9 } }
				]
			},
			{ "caption": "-" },
			{
				"caption": "滾屏(S)",
				"mnemonic": "S",
				"id": "scroll",
				"children":
				[
					{ "command": "show_at_center", "caption": "滾動到選中內容" },
					{ "command": "scroll_lines", "args": {"amount": 1.0 }, "caption": "往上滾動一行" },
					{ "command": "scroll_lines", "args": {"amount": -1.0 }, "caption": "往下滾動一行" }
				]
			},
			{
				"caption": "書簽(B)",
				"mnemonic": "b",
				"id": "bookmarks",
				"children":
				[
					{ "command": "toggle_bookmark", "caption": "開啟/關閉書簽" },
					{ "command": "next_bookmark", "caption": "下一個書簽" },
					{ "command": "prev_bookmark", "caption": "上一個書簽" },
					{ "command": "clear_bookmarks", "caption": "清除書簽" },
					{ "command": "select_all_bookmarks", "caption": "全選書簽" },
					{ "caption": "-" },
					{ "command": "select_bookmark", "caption": "選擇書簽0", "args": {"index": 0} },
					{ "command": "select_bookmark", "caption": "選擇書簽1", "args": {"index": 1} },
					{ "command": "select_bookmark", "caption": "選擇書簽2", "args": {"index": 2} },
					{ "command": "select_bookmark", "caption": "選擇書簽3", "args": {"index": 3} },
					{ "command": "select_bookmark", "caption": "選擇書簽4", "args": {"index": 4} },
					{ "command": "select_bookmark", "caption": "選擇書簽5", "args": {"index": 5} },
					{ "command": "select_bookmark", "caption": "選擇書簽6", "args": {"index": 6} },
					{ "command": "select_bookmark", "caption": "選擇書簽7", "args": {"index": 7} },
					{ "command": "select_bookmark", "caption": "選擇書簽8", "args": {"index": 8} },
					{ "command": "select_bookmark", "caption": "選擇書簽9", "args": {"index": 9} },
					{ "command": "select_bookmark", "caption": "選擇書簽10", "args": {"index": 10} },
					{ "command": "select_bookmark", "caption": "選擇書簽11", "args": {"index": 11} },
					{ "command": "select_bookmark", "caption": "選擇書簽12", "args": {"index": 12} },
					{ "command": "select_bookmark", "caption": "選擇書簽13", "args": {"index": 13} },
					{ "command": "select_bookmark", "caption": "選擇書簽14", "args": {"index": 14} },
					{ "command": "select_bookmark", "caption": "選擇書簽15", "args": {"index": 15} }
				]
			},
			{ "caption": "-" },
			{ "command": "move_to", "args": {"to": "brackets"}, "caption": "轉跳到匹配的括號" }
		]
	},
	{
		"caption": "工具(T)",
		"mnemonic": "T",
		"id": "tools",
		"children":
		[
			{ "command": "show_overlay", "args": {"overlay": "command_palette"}, "caption": "命令面板…" },
			{ "command": "show_overlay", "args": {"overlay": "command_palette", "text": "Snippet: "}, "caption": "代碼片段…" },
			{ "caption": "-", "id": "build" },
			{
				"caption": "編譯系統(U)",
				"mnemonic": "u",
				"children":
				[
					{ "command": "set_build_system", "args": { "file": "" }, "caption": "Automatic", "checkbox": true },
					{ "caption": "-" },
					{ "command": "set_build_system", "args": {"index": 0}, "checkbox": true },
					{ "command": "set_build_system", "args": {"index": 1}, "checkbox": true },
					{ "command": "set_build_system", "args": {"index": 2}, "checkbox": true },
					{ "command": "set_build_system", "args": {"index": 3}, "checkbox": true },
					{ "command": "set_build_system", "args": {"index": 4}, "checkbox": true },
					{ "command": "set_build_system", "args": {"index": 5}, "checkbox": true },
					{ "command": "set_build_system", "args": {"index": 6}, "checkbox": true },
					{ "command": "set_build_system", "args": {"index": 7}, "checkbox": true },
					{ "command": "set_build_system", "args": {"index": 8}, "checkbox": true },
					{ "command": "set_build_system", "args": {"index": 9}, "checkbox": true },
					{ "command": "set_build_system", "args": {"index": 10}, "checkbox": true },
					{ "command": "set_build_system", "args": {"index": 11}, "checkbox": true },
					{ "caption": "-" },
					{ "command": "$build_systems" },
					{ "caption": "-" },
					{ "command": "new_build_system", "caption": "新建編譯系統…" }
				]
			},
			{ "command": "build", "caption": "編譯(B)", "mnemonic": "B" },
			{ "command": "build", "args": {"select": true}, "caption": "編譯…" },
			{ "command": "cancel_build", "caption": "取消編譯(C)", "mnemonic": "C" },
			{
				"caption": "編譯結果(R)",
				"mnemonic": "R",
				"children":
				[
					{ "command": "show_panel", "args": {"panel": "output.exec"}, "caption": "顯示編譯結果(S)", "mnemonic": "S" },
					{ "command": "next_result", "caption": "下一個結果(N)", "mnemonic": "N" },
					{ "command": "prev_result", "caption": "上一個結果(P)", "mnemonic": "P" }
				]
			},
			{ "command": "toggle_save_all_on_build", "caption": "編譯時保存全部(A)", "mnemonic": "A", "checkbox": true },
			{ "caption": "-", "id": "macros" },
			{ "command": "toggle_record_macro", "caption": "錄制宏(M)", "mnemonic": "M" },
			{ "command": "run_macro", "caption": "運行宏(P)", "mnemonic": "P" },
			{ "command": "save_macro", "caption": "保存宏(V)…", "mnemonic": "v" },
			{
				"caption": "宏",
				"children": [ { "command": "$macros" } ]
			},
			{ "caption": "-" },
			{
				"caption": "開發者工具",
				"children":
				[
					{ "command": "new_plugin", "caption": "新建插件…" },
					{ "command": "new_snippet", "caption": "新建代碼片段…" },
					{ "command": "new_syntax", "caption": "新建語法…" },
					{ "command": "convert_syntax", "caption": "基於語法新建…" },
					{ "caption": "-" },
					{ "caption": "-" },
					{ "command": "profile_plugins", "caption": "插件運行情況"  },
					{ "caption": "-" },
					{ "command": "view_resource", "caption": "瀏覽資源文件…" },
					{ "command": "show_scope_name", "caption": "顯示語法名"  },
				]
			},
			{ "command": "install_package_control", "caption": "安裝插件管理器…" },
			{ "caption": "-", "id": "end" }
		]
	},
	{
		"caption": "項目(P)",
		"id": "project",
		"mnemonic": "P",
		"children":
		[
			{ "command": "prompt_open_project_or_workspace", "caption": "打開項目(O)…" },
			{ "command": "prompt_switch_project_or_workspace", "caption": "切換項目…" },
			{ "command": "prompt_select_workspace", "caption": "快速切換項目(S)…", "mnemonic": "S" },
			{
				"caption": "打開最近項目(R)",
				"children":
				[
					{ "command": "open_recent_project_or_workspace", "args": {"index": 0 } },
					{ "command": "open_recent_project_or_workspace", "args": {"index": 1 } },
					{ "command": "open_recent_project_or_workspace", "args": {"index": 2 } },
					{ "command": "open_recent_project_or_workspace", "args": {"index": 3 } },
					{ "command": "open_recent_project_or_workspace", "args": {"index": 4 } },
					{ "command": "open_recent_project_or_workspace", "args": {"index": 5 } },
					{ "command": "open_recent_project_or_workspace", "args": {"index": 6 } },
					{ "command": "open_recent_project_or_workspace", "args": {"index": 7 } },
					{ "caption": "-" },
					{ "command": "clear_recent_projects_and_workspaces", "caption": "清除記錄" },
					{ "command": "clear_missing_recent_projects_and_workspaces", "caption": "清除已刪除" },
				]
			},
			{ "caption": "-" },
			{ "command": "save_project_and_workspace_as", "caption": "項目另存為(A)…", "mnemonic": "A" },
			{ "command": "close_workspace", "caption": "關閉項目(C)", "mnemonic": "C" },
			{ "command": "open_file", "args": {"file": "${project}"}, "caption": "編輯項目" },
			{ "caption": "-" },
			{ "command": "new_window_for_project", "caption": "新建工作空間" },
			{ "command": "save_workspace_as", "caption": "保存工作空間(A)…", "mnemonic": "A" },
			{ "caption": "-" },
			{ "command": "prompt_add_folder", "caption": "添加文件夾到項目(D)…", "mnemonic": "d" },
			{ "command": "close_folder_list", "caption": "從項目中移除文件夾(M)", "mnemonic": "m" },
			{ "command": "refresh_folder_list", "caption": "刷新文件夾列表(E)", "mnemonic": "e" },
		]
	},
	{
		"caption": "設置(N)",
		"mnemonic": "n",
		"id": "preferences",
		"children":
		[
			{ "command": "open_dir", "args": {"dir": "$packages"}, "caption": "瀏覽資源包(B)…", "mnemonic": "B" },
			{ "caption": "-" },
			{
				"command": "edit_settings", "args":
				{
					"base_file": "${packages}/Default/Preferences.sublime-settings",
					"default": "// Settings in here override those in \"Default/Preferences.sublime-settings\",\n// and are overridden in turn by syntax-specific settings.\n{\n\t$0\n}\n"
				},
				"caption": "用戶設置"
			},
			{ "command": "edit_syntax_settings", "caption": "語法設置" },
			{
				"command": "edit_settings", "args":
				{
					"base_file": "${packages}/Default/Distraction Free.sublime-settings",
					"default": "{\n\t$0\n}\n"
				},
				"caption": "無幹擾設置"
			},
			{ "caption": "-" },
			{
				"command": "edit_settings", "args":
				{
					"base_file": "${packages}/Default/Default ($platform).sublime-keymap",
					"default": "[\n\t$0\n]\n"
				},
				"caption": "熱鍵設置"
			},
			{ "caption": "-" },
			{
				"caption": "選擇配色方案…",
				"command": "select_color_scheme"
			},
			{
				"caption": "定制配色方案…",
				"command": "customize_color_scheme"
			},
			{ "caption": "-" },
			{
				"caption": "選擇主題方案…",
				"command": "select_theme"
			},
			{
				"caption": "定制主題方案…",
				"command": "customize_theme"
			},
			{ "caption": "-" },
			{
				"caption": "字體",
				"children":
				[
					{ "command": "increase_font_size", "caption": "增大" },
					{ "command": "decrease_font_size", "caption": "縮小" },
					{ "caption": "-" },
					{ "command": "reset_font_size", "caption": "默認" }
				]
			}
		]
	},
	{
		"caption": "幫助(H)",
		"mnemonic": "H",
		"id": "help",
		"children":
		[
			{ "command": "open_url", "args": {"url": "https://www.sublimetext.com/docs/"}, "caption": "在線文檔" },
			{ "command": "open_url", "args": {"url": "https://github.com/sublimehq/sublime_text/issues/new/choose"}, "caption": "提交Bug" },
			{ "command": "open_url", "args": {"url": "https://twitter.com/sublimehq"}, "caption": "官方微博(Twitter)" },
			{ "caption": "-" },
			{ "command": "show_progress_window", "caption": "索引狀態…" },
			{ "caption": "-" },
			{ "command": "purchase_license", "caption": "購買授權"},
			{ "command": "upgrade_license", "caption": "升級授權"},
			{ "command": "show_license_window", "caption": "輸入授權碼" },
			{ "command": "remove_license", "caption": "移除授權"},
			{ "caption": "-" },
			{ "command": "update_check", "caption": "檢查更新…" },
			{ "command": "show_changelog", "caption": "更新日誌…" },
			{ "command": "show_about_window", "caption": "關於Sublime Text(A)", "mnemonic": "A" }
		]
	}
]
