[
    { "command": "clear_location", "caption": "Rensa" },
    { "command": "add_directory", "caption": "Lägg till mapp" },
    { "command": "add_where_snippet", "args": {"snippet": "*.${0:txt}"}, "caption": "Lägg till inkluderande filter" },
    { "command": "add_where_snippet", "args": {"snippet": "-*.${0:txt}"}, "caption": "Lägg till exkluderande filter" },
    { "command": "add_where_snippet", "args": {"snippet": "<open folders>"}, "caption": "Lägg till öppna mappar" },
    { "command": "add_where_snippet", "args": {"snippet": "<open files>"}, "caption": "Lägg till öppna filer" },
    { "command": "add_where_snippet", "args": {"snippet": "<current file>"}, "caption": "Lägg till nuvarande fil" },
]
