[
     { "command": "toggle_setting", "args": {"setting": "translate_tabs_to_spaces"}, "caption": "Indentar Usando Espaços", "checkbox": true },
     { "caption": "-" },
     { "command": "set_setting", "args": {"setting": "tab_size", "value": 1}, "caption": "Largura do Tab: 1", "checkbox": true },
     { "command": "set_setting", "args": {"setting": "tab_size", "value": 2}, "caption": "Largura do Tab: 2", "checkbox": true },
     { "command": "set_setting", "args": {"setting": "tab_size", "value": 3}, "caption": "Largura do Tab: 3", "checkbox": true },
     { "command": "set_setting", "args": {"setting": "tab_size", "value": 4}, "caption": "Largura do Tab: 4", "checkbox": true },
     { "command": "set_setting", "args": {"setting": "tab_size", "value": 5}, "caption": "Largura do Tab: 5", "checkbox": true },
     { "command": "set_setting", "args": {"setting": "tab_size", "value": 6}, "caption": "Largura do Tab: 6", "checkbox": true },
     { "command": "set_setting", "args": {"setting": "tab_size", "value": 7}, "caption": "Largura do Tab: 7", "checkbox": true },
     { "command": "set_setting", "args": {"setting": "tab_size", "value": 8}, "caption": "Largura do Tab: 8", "checkbox": true },
     { "caption": "-" },
     { "command": "detect_indentation", "caption": "Adivinha Configurações do Buffer" },
     { "caption": "-" },
     { "command": "expand_tabs", "caption": "Converter indentação para Espaço", "args": {"set_translate_tabs": true} },
     { "command": "unexpand_tabs", "caption": "Converter Indentação para Tabs", "args": {"set_translate_tabs": true} }
 ]
